Currency,Image url,Max Price,Min Price,Number of sold items,Price,Product Details Url,Rating score,Shipping cost,Store name,Store url,Product Title
PKR,//ae01.alicdn.com/kf/S673700e60d2144939a07bdc903b75823v/Outdoor-Tactical-Soft-Shell-Fishing-Wear-Men-s-Suit-for-Winter-Outdoor-Camping-Clothing-Waterproof-Windproof.jpg_220x220xz.jpg, ,2060.16,15 sold,PKR 2.060,www.aliexpress.com/item/1005004385109800.html, , ,AliExpress Love you Lover 01 Store,//www.aliexpress.com/store/1100182188,Outdoor Tactical Soft Shell Fishing Wear Men's Suit for Winter Outdoor Camping Clothing Waterproof Windproof Keep Warm Pants
PKR,//ae01.alicdn.com/kf/S76687b6a8cf54818a365582157ff54abu/Brand-Outdoor-Waterproof-Suits-Winter-Fishing-Clothing-Men-s-Windproof-Warm-Outdoor-Autumn-Camping-Jackets-Softshell.jpg_220x220xz.jpg, ,2078.89,17 sold,PKR 2.079,www.aliexpress.com/item/1005004385123520.html, , ,AliExpress Love you Lover 01 Store,//www.aliexpress.com/store/1100182188,Brand Outdoor Waterproof Suits Winter Fishing Clothing Men's Windproof Warm Outdoor Autumn Camping Jackets Softshell Clothes
PKR,//ae01.alicdn.com/kf/S3aab68371f7f412ebc5c01a3fc33b946P/New-Men-Tracksuit-Casual-Harajuku-Sets-Men-s-Sportswear-Jogging-Sports-Suit-Hip-Hop-Streetwear-Jacket.jpg_220x220xz.jpg, ,4773.75,2 sold,PKR 4.774,www.aliexpress.com/item/1005004388655978.html, , ,DUOFIER Official Store,//www.aliexpress.com/store/5009296,New Men Tracksuit Casual Harajuku Sets Men's Sportswear Jogging Sports Suit Hip Hop Streetwear Jacket+Pants Two Piece Outfit Set
PKR,//ae01.alicdn.com/kf/Sa90e2ce5d79443fab9f018aad7b487e3U/2021-New-Men-s-Women-Football-Sets-Zipper-Hoodie-Pants-Two-Pieces-Casual-Tracksuit-Male-Sportswear.jpg_220x220xz.jpg, ,4576.06,2 sold,PKR 4.576,www.aliexpress.com/item/1005004395528720.html, , ,Shop1102141030 Store,//www.aliexpress.com/store/1102141030,2021 New Men's Women Football Sets Zipper Hoodie+Pants Two Pieces Casual Tracksuit Male Sportswear Gym Brand Clothing Sweat Suit
PKR,//ae01.alicdn.com/kf/S96fb2f036d7d48968b20e66f5c019dcao/2022-Jersjey-Men-T-Shirt-Suit-Casual-Sportswear-Oversized-Short-sleeved-2-piece-Set-Fashion-Streetwear.jpg_220x220xz.jpg, ,1870.79, ,PKR 1.871,www.aliexpress.com/item/1005004294534982.html, , ,Encore Men Factory Store Store,//www.aliexpress.com/store/1102056951,2022 Jersjey Men T-Shirt Suit Casual Sportswear Oversized Short-sleeved 2-piece Set Fashion Streetwear Top Clothes Man Tracksuit
PKR,//ae01.alicdn.com/kf/S28cc591784334a448854c0e953e36a94M/New-chinese-male-t-shirt-shorts-trend-pattern-suit-sewing-3d-printed-t-shirts-shorts-sportswear.jpg_220x220xz.jpg, ,2284.91,3 sold,PKR 2.285,www.aliexpress.com/item/1005004335093472.html, , ,Shop1102111582 Store,//www.aliexpress.com/store/1102111582,New chinese male t-shirt+shorts trend pattern suit sewing 3d printed t-shirts shorts sportswear suit
PKR,//ae01.alicdn.com/kf/Sca1321e6fad84f73b9a8aeadc24f9648L/2022-Brand-Fashion-High-Street-Comfortable-Cardigan-Suit-Sportswear-Pants-Casual-Sports-Suit-Men-and-Women.jpg_220x220xz.jpg, ,3173.48, ,PKR 3.173,www.aliexpress.com/item/1005004395298296.html, , ,Nice fashion jacket 0702 Store,//www.aliexpress.com/store/1102133386,2022 Brand Fashion High Street Comfortable Cardigan Suit Sportswear + Pants Casual Sports Suit Men and Women Couple Hip Hop Outf
PKR,//ae01.alicdn.com/kf/S4fd32bb0a156463e969d1acd900ede69G/2022-Summer-Men-s-Tracksuit-2-Piece-Set-Fashion-Casual-Solid-Short-Sleeved-T-Shirt-and.jpg_220x220xz.jpg, ,1271.47,5 sold,PKR 1.271,www.aliexpress.com/item/1005004272974925.html,5, ,OEIN OUTLET Store,//www.aliexpress.com/store/911668340,2022 Summer Men's Tracksuit 2 Piece Set Fashion Casual Solid Short-Sleeved T-Shirt and Shorts Sport Suit Breathable Man Clothing
PKR,//ae01.alicdn.com/kf/S77d85a5500194c01b02719f6e35acffem/2022-New-Summer-Men-s-T-shirt-Oversized-Set-Men-Casual-Tracksuits-Fashion-Streetwear-Mens-Clothes.jpg_220x220xz.jpg, ,1733.45,5 sold,PKR 1.733,www.aliexpress.com/item/1005004268553566.html,5, ,OEIN OUTLET Store,//www.aliexpress.com/store/911668340,2022 New Summer Men's T-shirt Oversized Set Men Casual Tracksuits Fashion Streetwear Mens Clothes Casual Loose 2 Piece Male Sets
PKR,//ae01.alicdn.com/kf/S696c914516a0490a944c104a337f53ddi/NEW-Summer-Men-s-Tracksuit-Cotton-Solid-Color-Short-Sleeve-Zipper-Polo-Shirt-Shorts-Set-for.jpg_220x220xz.jpg, ,1835.42, ,PKR 1.835,www.aliexpress.com/item/1005004390291676.html, , ,Shop1102137788 Store,//www.aliexpress.com/store/1102137788,NEW Summer Men's Tracksuit Cotton Solid Color Short Sleeve Zipper Polo Shirt&Shorts Set for Men Casual 2-piece Suit S-3XL
PKR,//ae01.alicdn.com/kf/S5c0dff615ca0474da537e7ca6bfa65471/3D-Printed-T-Shirts-Men-Set-Men-s-Sports-Suit-Solid-Color-Letter-Oversized-Tracksuit-Man.jpg_220x220xz.jpg, ,1745.94,7 sold,PKR 1.746,www.aliexpress.com/item/1005004134188709.html,5, ,SOWO Menswear Store,//www.aliexpress.com/store/1100346788,3D Printed T Shirts Men Set Men's Sports Suit Solid Color Letter Oversized Tracksuit Man Summer Clothing Loose Male Shorts Sets
PKR,//ae01.alicdn.com/kf/Sd491ef487a2641af8afeccd92a5b3f5eo/Summer-Streetwear-Men-Set-Brand-Tracksuit-Man-Printed-Hip-Hop-T-shirt-Shorts-Fashion-2022-Male.jpg_220x220xz.jpg, ,1733.45,6 sold,PKR 1.733,www.aliexpress.com/item/1005004273001665.html,5, ,OEIN OUTLET Store,//www.aliexpress.com/store/911668340,Summer Streetwear Men Set Brand Tracksuit Man Printed Hip Hop T shirt Shorts Fashion 2022 Male Sportswear Two Pcs Tshirts Shorts
PKR,//ae01.alicdn.com/kf/Sc7e9aa05a424474abcfadf3a75db1cbbV/2022-Summer-New-Tracksuit-Set-Sports-Jogging-T-Shirt-3D-Printed-O-Shaped-Round-Neck-Fashion.jpg_220x220xz.jpg, ,2078.89,1 sold,PKR 2.079,www.aliexpress.com/item/1005004391873492.html, , ,Lucky Clover 777 Store Store,//www.aliexpress.com/store/1102113599,2022 Summer New Tracksuit Set Sports Jogging T Shirt 3D Printed O-Shaped Round Neck Fashion Casual Breathable Outfit Top Tee 6XL
PKR,//ae01.alicdn.com/kf/S447d7b90ef624e19bf1af13febf1614b1/Men-3d-Printed-hoodies-Set-Casual-Long-Sleeved-Sportswear-European-and-American-Fashion-Creative-Custom-Round.jpg_220x220xz.jpg, ,3535.57,1 sold,PKR 3.536,www.aliexpress.com/item/1005004325399410.html, , ,Shop910365124 Store,//www.aliexpress.com/store/910365124,Men 3d Printed hoodies Set Casual Long Sleeved Sportswear European and American Fashion Creative Custom Round Neck
PKR,//ae01.alicdn.com/kf/S7137e792fb0f47fc96e7a4e69a4b66e8Y/Men-s-Sportswear-2-Piece-Summer-Print-K-Solid-Color-Simple-Suit-Hawaiian-Short-Sleeve-and.jpg_220x220xz.jpg, ,1579.46,25 sold,PKR 1.579,www.aliexpress.com/item/1005004210597078.html, , ,Uniqlo Style Store,//www.aliexpress.com/store/1100223203,Men's Sportswear 2 Piece Summer Print K Solid Color Simple Suit Hawaiian Short Sleeve and T-Shirt Casual Shorts Fashion Clothing
PKR,//ae01.alicdn.com/kf/Sb9f840714ca64e26b037724bae38004fV/New-Brand-TRAPSTAR-Men-s-Clothing-T-shirt-Tracksuit-Sets-Harajuku-Tops-Tee-Funny-Hip-Hop.jpg_220x220xz.jpg, ,2336.93,15 sold,PKR 2.337,www.aliexpress.com/item/1005004354695491.html, , ,Shop1102128796 Store,//www.aliexpress.com/store/1102128796,New Brand TRAPSTAR Men's Clothing T-shirt Tracksuit Sets Harajuku Tops Tee Funny Hip Hop Color T Shirt+Beach Casual Shorts Set
PKR,//ae01.alicdn.com/kf/Seabc69669b5c44b487dad2fb59d845e6H/2022-Summer-Men-s-Sportswear-Suit-Plaid-printed-short-sleeve-Zipper-Polo-Shirt-Suit-Vacation-suit.png_220x220xz.png, ,1872.88,1 sold,PKR 1.873,www.aliexpress.com/item/1005004400878784.html, , ,LUYUNBUY Official Store,//www.aliexpress.com/store/1102109970,2022 Summer Men's Sportswear Suit Plaid printed short sleeve Zipper Polo Shirt Suit Vacation suit 2 pieces
PKR,//ae01.alicdn.com/kf/Sb326f1b8355546da935579a85e9cc058d/2022-New-Men-s-Tracksuit-Summer-Fashion-Short-Sleeve-T-Shirts-Shorts-2-Piece-Sets-Oversized.jpg_220x220xz.jpg, ,1733.45,4 sold,PKR 1.733,www.aliexpress.com/item/1005004268605009.html,5, ,OEIN OUTLET Store,//www.aliexpress.com/store/911668340,2022 New Men's Tracksuit Summer Fashion Short Sleeve T-Shirts + Shorts 2 Piece Sets Oversized Sportswear O-neck Street Wear Suit
PKR,//ae01.alicdn.com/kf/Se8b1101c2558405fa1606398775802a6B/2022-100-Cotton-New-Summer-Oversized-T-shirt-BrandNoTYRON-Men-Beach-Shorts-Sets-Streetwear-Tracksuit-Leisure.jpg_220x220xz.jpg, ,3323.31, ,PKR 3.323,www.aliexpress.com/item/1005004395335915.html, , ,Shop1102141030 Store,//www.aliexpress.com/store/1102141030,2022 100% Cotton New Summer Oversized T-shirt BrandNoTYRON Men Beach Shorts Sets Streetwear Tracksuit Leisure Fashion Men's Suit
PKR,//ae01.alicdn.com/kf/S549fc4b1ef554a71a0f04f46308e85cc8/Fashion-Summer-Male-Sets-Tracksuits-Jogging-Fitness-Clothes-Men-s-Clothing-T-shirt-Shorts-Set-Men.jpg_220x220xz.jpg, ,1412.98,9 sold,PKR 1.413,www.aliexpress.com/item/1005004279304145.html,4, ,Lucky 777 Store,//www.aliexpress.com/store/1100344831,Fashion Summer Male Sets Tracksuits Jogging Fitness Clothes Men's Clothing T-shirt Shorts Set Men Streetwear Outfit Sports Suit
PKR,//ae01.alicdn.com/kf/S6bdb0ad33503468db2c600f01da47e4bV/2022-New-Men-Harajuku-Sets-Casual-Tracksuit-Ice-Silk-Men-s-Jogger-Outfit-Set-T-shirt.jpg_220x220xz.jpg, ,3258.8,1 sold,PKR 3.259,www.aliexpress.com/item/1005004388485129.html, , ,DUOFIER Official Store,//www.aliexpress.com/store/5009296,2022 New Men Harajuku Sets Casual Tracksuit Ice Silk Men's Jogger Outfit Set T-shirt+Shorts 2 Pieces Solid Breathable Clothing
PKR,//ae01.alicdn.com/kf/S2bdc24e25cbb4edab867e5d43908bdf5v/Men-s-Suit-Compression-Sportswear-Quick-Dry-Clothes-Sports-Jogging-Training-Gym-Fitness-Sportswear-Running-Wear.jpg_220x220xz.jpg, ,4342.99,1 sold,PKR 4.343,www.aliexpress.com/item/1005004339150923.html, , ,Shop1102099001 Store,//www.aliexpress.com/store/1102099001,Men's Suit Compression Sportswear Quick Dry Clothes Sports Jogging Training Gym Fitness Sportswear Running Wear 3 Piece Set
PKR,//ae01.alicdn.com/kf/Sb8f6ce17ab3041bbba059c18d4b359953/2022-New-Summer-Oversized-T-shirt-Brand-Men-Beach-Shorts-Sets-Streetwear-Tracksuit-Men-s-Suit.jpg_220x220xz.jpg, ,3518.92, ,PKR 3.519,www.aliexpress.com/item/1005004395348483.html, , ,Shop1102141030 Store,//www.aliexpress.com/store/1102141030,2022 New Summer Oversized T-shirt Brand Men Beach Shorts Sets Streetwear Tracksuit Men's Suit Men's Trend Short Sleeve T-shirt
PKR,//ae01.alicdn.com/kf/Se4ae4dea42434b67a7b06a8c193b18aeK/New-2022-summer-t-shirt-my-people-mentioned-a-simple-t-shirt-with-short-sleeves-.jpg_220x220xz.jpg, ,2284.91,2 sold,PKR 2.285,www.aliexpress.com/item/1005004335147216.html, , ,Shop1102111582 Store,//www.aliexpress.com/store/1102111582,New 2022 summer t-shirt my people mentioned a simple t-shirt with short sleeves.
PKR,//ae01.alicdn.com/kf/Sa4134924fe3242e3b364c1f69867885aw/2022-Fashion-Spring-Summer-Men-s-Casual-Two-Piece-Sets-Short-Sleeve-Tops-And-Shorts-Pants.jpg_220x220xz.jpg, ,1937.38, ,PKR 1.937,www.aliexpress.com/item/1005004390072366.html, , ,Shop1102137788 Store,//www.aliexpress.com/store/1102137788,2022 Fashion Spring Summer Men's Casual Two Piece Sets Short Sleeve Tops And Shorts Pants Suit Pattern Print Outfit Men Streetwe
PKR,//ae01.alicdn.com/kf/S38d3806f5f164295bffd587eedce7060C/Summer-men-s-fitness-fashion-men-s-casual-sportswear-suit-oversized-sports-suit-short-sleeved-T.jpg_220x220xz.jpg, ,2355.66,4 sold,PKR 2.356,www.aliexpress.com/item/1005004327966348.html, , ,Shop1102099001 Store,//www.aliexpress.com/store/1102099001,Summer men's fitness fashion men's casual sportswear suit oversized sports suit short-sleeved T-shirt + shorts 2-piece set
PKR,//ae01.alicdn.com/kf/S64803047dd584182a0dfdc2055e2a56fW/2022-Fall-Printed-Casual-Men-s-Sports-Suits-Daily-Workwear-Fashion-Fitness-Tops-Long-Sleeves-Bottoms.jpg_220x220xz.jpg, ,1214.87,17 sold,PKR 1.215,www.aliexpress.com/item/1005004284385891.html, , ,popularofficial store Store,//www.aliexpress.com/store/1102090047,2022 Fall Printed Casual Men's Sports Suits Daily Workwear Fashion Fitness Tops Long Sleeves Bottoms Trousers Two-piece Set
PKR,//ae01.alicdn.com/kf/S1f925e52042c49688a1207d31dce33efM/Summer-poker-3d-printed-men-s-t-shirt-shorts-men-s-sportswear-short-sleeve-the-neck.jpg_220x220xz.jpg, ,2284.91,19 sold,PKR 2.285,www.aliexpress.com/item/1005004335068637.html, , ,Shop1102111582 Store,//www.aliexpress.com/store/1102111582,Summer poker 3d printed men's t-shirt shorts men's sportswear short sleeve the neck male suit
PKR,//ae01.alicdn.com/kf/S8859333b3df64f8ea9af782298ff2d76h/Mens-Patchwork-Short-Sleeve-Tracksuit-Fashion-Print-2-Piece-Sets-Men-Summer-Trend-Hip-Hop-Sport.jpg_220x220xz.jpg, ,3437.77,2 sold,PKR 3.438,www.aliexpress.com/item/1005004276737289.html,5, ,MANLUODANNI Oversea Store,//www.aliexpress.com/store/2165063,Mens Patchwork Short Sleeve Tracksuit Fashion Print  2 Piece Sets Men Summer Trend Hip Hop Sport Suit Loose Casual Jogger Set
PKR,//ae01.alicdn.com/kf/Se839f2b93cb644cfb9f0a5365bfa44e2U/Motorcade-Harajuku-Clothes-Spring-Men-Oversized-T-Shirt-Long-Sleeved-Tracksuit-2-Piece-Sets-3D-Print.jpg_220x220xz.jpg, ,3943.44,10 sold,PKR 3.943,www.aliexpress.com/item/1005004247164151.html, , ,Lucky Grass 777 Store,//www.aliexpress.com/store/1100151500,Motorcade Harajuku Clothes Spring Men Oversized T Shirt Long Sleeved Tracksuit 2 Piece Sets 3D Print Fashion Man Sweatpants Suit
PKR,//ae01.alicdn.com/kf/S5e1d84f2fb544624b3230be5c2133ba5I/New-Youpin-2022-summer-women-s-slippers-wear-all-match-lazy-one-word-drag-thick-bottom.jpg_220x220xz.jpg, ,4105.76, ,PKR 4.106,www.aliexpress.com/item/1005004364381320.html, , ,MI Youpin Shoes Store,//www.aliexpress.com/store/1102085546,New Youpin 2022 summer women's slippers wear all-match lazy one word drag thick bottom half support ladies sandals and slippers
PKR,//ae01.alicdn.com/kf/S211afb31411b497c9235d753a4b2be24x/New-Men-Clothing-Set-Summer-Solid-Color-Men-Casual-Lapel-POLO-Shirt-Loose-Shorts-Men-2.jpg_220x220xz.jpg, ,6055.63, ,PKR 6.056,www.aliexpress.com/item/1005004364846642.html, , ,WORDLESS Official Store,//www.aliexpress.com/store/3624079,New Men Clothing Set Summer Solid Color Men Casual Lapel POLO Shirt + Loose Shorts Men 2 Piece Set Sports Suit Traje De Hombres
PKR,//ae01.alicdn.com/kf/S342f72b0e4544399b80a38d172f8b8ecP/2022-Men-s-Fashion-T-shirt-brand-printed-casual-trend-Power-summer-cotton-men-s-short.jpg_220x220xz.jpg, ,2761.45,5 sold,PKR 2.761,www.aliexpress.com/item/1005004354982571.html, , ,Shop1102128796 Store,//www.aliexpress.com/store/1102128796,2022 Men's Fashion T-shirt brand printed casual trend Power summer cotton men's short sleeve + shorts two-piece set
PKR,//ae01.alicdn.com/kf/Sf20f892534fb46c5b5967cc7e3e7444eO/African-Print-Men-s-T-shirts-Sets-Men-s-Tracksuit-Tops-Shorts-Sport-and-Leisure-Summer.jpg_220x220xz.jpg, ,1745.94,1 sold,PKR 1.746,www.aliexpress.com/item/1005004320786924.html, , ,SOWO Menswear Store,//www.aliexpress.com/store/1100346788,African Print Men's T-shirts Sets Menâ€™s Tracksuit/Tops/Shorts Sport and Leisure Summer Male Suit
PKR,//ae01.alicdn.com/kf/S0a739f1c1c514f98b7cf9d0c98a24926N/Men-T-Shirt-Set-The-Lion-King-3D-Printed-Tracksuit-2-Piece-Suit-for-Summer-Oversized.jpg_220x220xz.jpg, ,1827.09,12 sold,PKR 1.827,www.aliexpress.com/item/1005004167209754.html,4, ,Speed Snake Mens Clothing Store,//www.aliexpress.com/store/1100368360,Men T Shirt Set The Lion King 3D Printed Tracksuit 2 Piece Suit for Summer Oversized Men's Clothing Harajuku Beach Shorts Sets
PKR,//ae01.alicdn.com/kf/Sed43c4eb553a41e688de7e3b09444f23v/Summer-Men-Tracksuit-Casual-Harajuku-Sets-Ice-Silk-T-shirt-Shorts-Two-Pieces-New-Men-s.jpg_220x220xz.jpg, ,4311.77,2 sold,PKR 4.312,www.aliexpress.com/item/1005004388399474.html, , ,DUOFIER Official Store,//www.aliexpress.com/store/5009296,Summer Men Tracksuit Casual Harajuku Sets Ice Silk T-shirt+Shorts Two Pieces New Men's Jogger Sports Suit Breathable Clothing
PKR,//ae01.alicdn.com/kf/S14ba108619a840f88a52825423c78366M/T-Shirt-Shorts-Set-Men-2022-Summer-Tops-Shorts-Jogger-Set-Tracksuit-Set-Male-Print-Fashion.jpg_220x220xz.jpg, ,3978.82,4 sold,PKR 3.979,www.aliexpress.com/item/1005004207638071.html,5, ,Aotorr Official Store,//www.aliexpress.com/store/4768012,T Shirt +Shorts Set Men 2022 Summer Tops Shorts Jogger Set Tracksuit Set Male  Print Fashion 2 PCS Casual Sport Suit Clothing
PKR,//ae01.alicdn.com/kf/Sa49ce43c2818486b8f7057f97143a847B/2022-Summer-Two-piece-Men-s-High-quality-Sports-Suit-Fashion-Casual-Short-sleeved-Plus-Shorts.jpg_220x220xz.jpg, ,1914.49,10 sold,PKR 1.914,www.aliexpress.com/item/1005004364909077.html, , ,Shop1102133114 Store,//www.aliexpress.com/store/1102133114,2022 Summer Two-piece Men's High-quality Sports Suit Fashion Casual Short-sleeved Plus Shorts Fitness Suit
PKR,//ae01.alicdn.com/kf/S52b2db6f931249bc9b21c9af6d559069K/Mens-Tracksuit-Sets-2022-New-Summer-Fashion-Patchwork-Short-Sleeved-Shorts-Set-Men-Solid-Color-Sweat.jpg_220x220xz.jpg, ,4020.44,1 sold,PKR 4.020,www.aliexpress.com/item/1005004328598399.html,5, ,MANLUODANNI Oversea Store,//www.aliexpress.com/store/2165063,Mens Tracksuit Sets 2022 New Summer Fashion Patchwork Short Sleeved Shorts Set Men Solid Color Sweat Suits Harajuku Sportwear
PKR,//ae01.alicdn.com/kf/S4854d601a9894717a61ce940cd518614s/Men-2-Piece-Set-Summer-Shorts-Sets-Man-Clothing-Round-Neck-T-Shirt-Fashion-Beach-Sports.jpg_220x220xz.jpg, ,1868.71, ,PKR 1.869,www.aliexpress.com/item/1005004355527219.html, , ,Speed Snake Mens Clothing Store,//www.aliexpress.com/store/1100368360,Men 2 Piece Set Summer Shorts Sets Man Clothing Round Neck T Shirt Fashion Beach Sports Suit 3D Print Pirate Map Harajuku Blouse
PKR,//ae01.alicdn.com/kf/S4a166256700f47cabcf7f496e5459e623/Tracksuit-Men-Sportswear-Set-New-Spring-Autumn-Clothing-Hooded-Joggers-Suit-Male-2-Pieces-Sweatshirt-Sweatpants.jpg_220x220xz.jpg, ,6168,7 sold,PKR 6.168,www.aliexpress.com/item/1005004207193572.html,5, ,ASALI Official Store,//www.aliexpress.com/store/1247384,Tracksuit Men Sportswear Set New Spring Autumn Clothing Hooded Joggers Suit Male 2 Pieces Sweatshirt + Sweatpants Big Size Loose
PKR,//ae01.alicdn.com/kf/S8d1a3be090734ce6a0daad76882f4474d/Harajuku-Tracksuit-Set-Men-T-shirt-Shorts-Sets-2022-Summer-Sportswear-Jogging-Pants-T-shirt-Hip.jpg_220x220xz.jpg, ,3987.14,5 sold,PKR 3.987,www.aliexpress.com/item/1005004176220419.html,5, ,HT Online Store,//www.aliexpress.com/store/910557455,Harajuku Tracksuit Set Men T shirt+Shorts Sets 2022 Summer Sportswear Jogging Pants T-shirt Hip Hop Streetwear Short Sleeve Suit
PKR,//ae01.alicdn.com/kf/Sd3d7231c57244ff8842fd38d058e1aa2q/2022-New-Mens-Fashion-Summer-Set-Harajuku-Tshirt-and-Shorts-Two-Piece-Set-Hip-Hop-Style.jpg_220x220xz.jpg, ,3639.62,3 sold,PKR 3.640,www.aliexpress.com/item/1005004383344638.html, , ,DUOFIER Men's Store,//www.aliexpress.com/store/5068297,2022 New Mens Fashion Summer Set Harajuku Tshirt and Shorts Two Piece Set Hip Hop Style Printing Men Tracksuit Trendy Outfit Set
PKR,//ae01.alicdn.com/kf/Sf2509aa792634df3a5c00d3a902fbf11D/Men-Sets-Brand-Fitness-Sports-Suit-Summer-Breathable-O-Neck-T-Shirt-Shorts-For-Male-Brand.jpg_220x220xz.jpg, ,1579.46,6 sold,PKR 1.579,www.aliexpress.com/item/1005004388622463.html, , ,BLITE Studio-s Store,//www.aliexpress.com/store/1102107945,Men Sets Brand Fitness Sports Suit Summer Breathable O Neck T Shirt Shorts For Male Brand Running Basketball Short Sleeve Set
PKR,//ae01.alicdn.com/kf/S91715b5b602d4d5c90974bd44b6c1bbdH/Summer-Men-s-Sets-Playing-Cards-Printing-Short-Sleeved-T-Shirt-Suit-Leisure-2-Piece-Set.jpg_220x220xz.jpg, ,1662.7,12 sold,PKR 1.663,www.aliexpress.com/item/1005004291229731.html, , ,Man Home Store,//www.aliexpress.com/store/1100352327,Summer Men's Sets Playing Cards Printing Short-Sleeved T-Shirt Suit Leisure 2 Piece Set Street Fashion Men Shorts Man Clothing
PKR,//ae01.alicdn.com/kf/S9f347f079acf4361ae2379679f5c4178z/Men-s-Tracksuit-95-Cotton-Solid-Color-Hi-Q-Summer-2-piece-Sets-with-Short-Sleeve.jpg_220x220xz.jpg, ,5943.26, ,PKR 5.943,www.aliexpress.com/item/1005004364336015.html, , ,AZ-all Store,//www.aliexpress.com/store/912514578,Men's Tracksuit 95% Cotton Solid Color Hi-Q Summer 2-piece-Sets with Short Sleeve T-shirt and Tracksuit Pants Aisa Size M-4XL
PKR,//ae01.alicdn.com/kf/Scd6119ae6c964b069a224d5a7d74034en/Abidisi-Brand-2022-Men-s-Sets-Summer-T-Shirt-Pants-Set-Casual-Men-s-Clothing-T.jpg_220x220xz.jpg, ,2578.32,1 sold,PKR 2.578,www.aliexpress.com/item/1005004324348693.html,5, ,Shop1102111567 Store,//www.aliexpress.com/store/1102111567,Abidisi Brand 2022 Men's Sets Summer T-Shirt Pants Set Casual Men's Clothing T Shirt Fashion Suit t-Shirt Men's Tracksuits
PKR,//ae01.alicdn.com/kf/Sb614d02a1c7a44e98911ab26800e422bw/Men-s-Shirt-Tracksuit-Two-Pieces-Sets-Men-Casual-Fitness-Sport-Suit-Short-Sleeve-t-Shirt.jpg_220x220xz.jpg, ,2896.71,1 sold,PKR 2.897,www.aliexpress.com/item/1005004231962125.html, , ,Shop1102059767 Store,//www.aliexpress.com/store/1102059767,Men's Shirt Tracksuit Two Pieces Sets Men Casual Fitness Sport Suit Short Sleeve t Shirt+Trousers Men's Casual Sportswear Suits
PKR,//ae01.alicdn.com/kf/Sbb21c3280301479798ece907cca71dd6o/2022-Summer-Men-s-Sets-Korean-Fashion-Tracksuit-Streetwear-Casual-Print-Men-Outfit-Set-T-Shirts.jpg_220x220xz.jpg, ,3325.39,7 sold,PKR 3.325,www.aliexpress.com/item/1005004177452899.html,5, ,MANLUODANNI Oversea Store,//www.aliexpress.com/store/2165063,2022 Summer Men's Sets Korean Fashion Tracksuit Streetwear Casual Print Men Outfit Set T Shirts Shorts 2 Piece Sets Male Clothes
PKR,//ae01.alicdn.com/kf/Sb5fb36d0fb9c4320ae4bbff543ffdb81F/Summer-Fashion-New-Simple-Solid-Color-Loose-Muscle-Fitness-Casual-T-shirt-Shorts-Men-s-Suit.jpg_220x220xz.jpg, ,1496.22,169 sold,PKR 1.496,www.aliexpress.com/item/1005004137842739.html,3.4, ,The Silk Road Store,//www.aliexpress.com/store/1100346880,Summer Fashion New Simple Solid Color Loose Muscle Fitness Casual T-shirt Shorts Men's Suit Sportswear Two-piece S-6XL
PKR,//ae01.alicdn.com/kf/S476740d388d94728949b4614f19f6127x/Summer-Men-s-Suit-Customized-LOGO-Clothes-Fashion-Casual-Sportswear-Suit-Mans-Short-Sleeve-Cotton-T.jpg_220x220xz.jpg, ,3641.7,1 sold,PKR 3.642,www.aliexpress.com/item/1005004319544283.html, , ,Shop1100080020 Store,//www.aliexpress.com/store/1100080020,Summer Men's Suit Customized LOGO Clothes Fashion Casual Sportswear Suit Mans Short Sleeve Cotton T-shirt Shorts 2-Piece Set
PKR,//ae01.alicdn.com/kf/Sa477bdb0c0d84c6cb63f67bdb52ec0b0h/2022-Summer-New-Men-s-3D-Colorblock-Printed-Sportswear-Suit-Short-Sleeves-Shorts-Large-Size-Loose.jpg_220x220xz.jpg, ,1242.34,5 sold,PKR 1.242,www.aliexpress.com/item/1005004283574525.html,5, ,shangshuisportswear168 Store,//www.aliexpress.com/store/1102088181,2022 Summer New Men's 3D Colorblock Printed Sportswear Suit Short Sleeves + Shorts Large Size Loose Casual Sportswear
PKR,//ae01.alicdn.com/kf/Sc16034f17b31417fa551858d0a1758268/New-Men-s-Summer-Hawaiian-Shirt-Set-Men-2-piece-Suit-Short-Sleeve-Beach-Shirt-Sets.jpg_220x220xz.jpg, ,2930.01,6 sold,PKR 2.930,www.aliexpress.com/item/1005004069873730.html,5, ,HT Online Store,//www.aliexpress.com/store/910557455,New Men's Summer Hawaiian Shirt Set Men 2 piece Suit Short Sleeve Beach Shirt Sets Casual Loose Comfy Pajamas Andhome Clothes
PKR,//ae01.alicdn.com/kf/S5247f48d468042128b2f8b8c3a3dc6145/2022-Summer-Loose-O-Neck-T-Shirt-2-Piece-Set-Men-Fashion-Print-Tracksuit-Letter-Short.jpg_220x220xz.jpg, ,4486.58,1 sold,PKR 4.487,www.aliexpress.com/item/1005004319684779.html,5, ,Aotorr Dropshipping Men's Store,//www.aliexpress.com/store/910567418,2022 Summer Loose O-Neck T Shirt 2 Piece Set Men Fashion Print Tracksuit Letter Short Sleeve + Shorts Mens Harajuku Casual Sets
PKR,//ae01.alicdn.com/kf/S1c3e74ffdb9b4c45974d4c03c1b254c9f/NEW-Summer-Men-s-Tracksuit-Cotton-Solid-Color-Short-Sleeve-Zipper-Polo-Shirt-Shorts-Set-for.jpg_220x220xz.jpg, ,1835.42,4 sold,PKR 1.835,www.aliexpress.com/item/1005004390251710.html, , ,Shop1102137788 Store,//www.aliexpress.com/store/1102137788,NEW Summer Men's Tracksuit Cotton Solid Color Short Sleeve Zipper Polo Shirt&Shorts Set for Men Casual Streetwear 2-piece Suit
PKR,//ae01.alicdn.com/kf/S38b73f76a75549f3a87ff3a6c3b9789eg/Summer-Cool-Quick-drying-Men-s-Short-sleeved-tshirts-shorts-suit-Beach-Tracksuit-2-piece-set.jpg_220x220xz.jpg, ,2474.28,25 sold,PKR 2.474,www.aliexpress.com/item/1005004326549300.html, , ,Shop1100275165 Store,//www.aliexpress.com/store/1100275165,Summer Cool Quick-drying Men's Short-sleeved tshirts shorts suit Beach Tracksuit 2 piece set outfit Sets Casual Breathable cloth
PKR,//ae01.alicdn.com/kf/S0ce2368354e84b0a8c6f48e30060ea21q/2022-Summer-Men-s-Tracksuit-2-Piece-Set-Fashion-Casual-Solid-Short-Sleeved-T-Shirt-and.jpg_220x220xz.jpg, ,3893.5,3 sold,PKR 3.894,www.aliexpress.com/item/1005004210569810.html,5, ,ASALI Official Store,//www.aliexpress.com/store/1247384,2022 Summer Men's Tracksuit 2 Piece Set Fashion Casual Solid Short-Sleeved T-Shirt and Shorts Sport Suit Breathable Man Clothing
PKR,//ae01.alicdn.com/kf/S65bd120da0dc4275a970d154350dcef45/2022-Summer-Fashion-Printing-Short-Sleeve-Shorts-Sets-Mens-2-Piece-Casual-Breathable-Sports-Set-Tracksuit.jpg_220x220xz.jpg, ,3675,1 sold,PKR 3.675,www.aliexpress.com/item/1005003835572115.html,5, ,HOTANKOfficial Store,//www.aliexpress.com/store/912161417,2022 Summer Fashion Printing Short Sleeve Shorts Sets Mens 2 Piece Casual Breathable Sports Set Tracksuit Men Running Sportswear
PKR,//ae01.alicdn.com/kf/S99bd9a1700fd4d4c9e600477dc9f191fp/New-Arrival-Men-s-Casual-Short-Sleeve-T-shirt-Ankle-Length-Pant-Set-Patchwork-Shirt-Trousers.jpg_220x220xz.jpg, ,4328.42,1 sold,PKR 4.328,www.aliexpress.com/item/1005004282053886.html,5, ,DUOFIER Online Store,//www.aliexpress.com/store/5050100,New Arrival Men's Casual Short Sleeve T-shirt+Ankle Length Pant Set Patchwork Shirt+Trousers Home Suits Male Streetwear Sports
PKR,//ae01.alicdn.com/kf/S790be7df350044a0b3bf1b510da962e55/Summer-Vintage-Print-Pattern-Fashion-Casual-Street-Sports-Suit-T-Shirt-Shorts-2-Pack-Sportswear-Oversized.jpg_220x220xz.jpg, ,1496.22,52 sold,PKR 1.496,www.aliexpress.com/item/1005004140813343.html,4.4, ,The Silk Road Store,//www.aliexpress.com/store/1100346880,Summer Vintage Print Pattern Fashion Casual Street Sports Suit T-Shirt + Shorts 2-Pack Sportswear Oversized
